model,mrr,hits_at_10
TransE,0.018716953694820404,0.05154639175257732
ComplEx,0.002293652854859829,0.0035051546391752578
